ID,Stem_ID,Morph_ID,Index,Gloss_ID
achi-wilderness,achi-wilderness,achi-wilderness,0,wilderness
aijkorono-recovered,aijkorono-recovered,aijkorono-recovered,0,recovered
ajpachi-undergrowth,ajpachi-undergrowth,ajpachi-undergrowth,0,undergrowth
ajyu-tucuma-palm,ajyu-tucuma-palm,ajyu-tucuma-palm,0,tucuma-palm
ako-pylon,ako-pylon,ako-pylon,0,pylon
aki-worm,aki-worm,aki-worm,0,worm
amaka-sweet-yucca,amaka-sweet-yucca,amaka-sweet-yucca,0,sweet-yucca
amu-ripeness,amu-ripeness,amu-ripeness,0,ripeness
ami-unidentified-plant,ami-unidentified-plant,ami-unidentified-plant,0,unidentified-plant
ana-1-3pro,ana-1-3pro,ana-1-3pro,0,1-3pro
anaijke-wild-pineapple-sp,anaijke-wild-pineapple-sp,anaijke-wild-pineapple-sp,0,wild-pineapple-sp
anake-ant-sp,anake-ant-sp,anake-ant-sp,0,ant-sp
anau-ant-sp,anau-ant-sp,anau-ant-sp,0,ant-sp
anoto-annatto,anoto-annatto,anoto-annatto,0,annatto
anta-island,anta-island,anta-island,0,island
ante-fish-hook,ante-fish-hook,ante-fish-hook,0,fish-hook
apa-decrease,apa-decrease,apa-decrease,0,decrease
apereku-ceiba,apereku-ceiba,apereku-ceiba,0,ceiba
aperemu-chrysalis,aperemu-chrysalis,aperemu-chrysalis,0,chrysalis
api-ripeness,api-ripeness,api-ripeness,0,ripeness
apo-later,apo-later,apo-later,0,later
aponte-seat,aponte-seat,aponte-seat,0,seat
apuni-soap,apuni-soap,apuni-soap,0,soap
apemiti-bracelet,apemiti-bracelet,apemiti-bracelet,0,bracelet
arajmate-dangerous,arajmate-dangerous,arajmate-dangerous,0,dangerous
arata-horned-beetle,arata-horned-beetle,arata-horned-beetle,0,horned-beetle
arauruku-wild-grape-sp,arauruku-wild-grape-sp,arauruku-wild-grape-sp,0,wild-grape-sp
araway-wild-pineapple-sp,araway-wild-pineapple-sp,araway-wild-pineapple-sp,0,wild-pineapple-sp
araya-monkey-spider,araya-monkey-spider,araya-monkey-spider,0,monkey-spider
arina-trembler,arina-trembler,arina-trembler,0,trembler
aro-rice,aro-rice,aro-rice,0,rice
arojpete-garbage,arojpete-garbage,arojpete-garbage,0,garbage
arokate-difficult,arokate-difficult,arokate-difficult,0,difficult
aroma-limpet,aroma-limpet,aroma-limpet,0,limpet
aropoko-ball-game,aropoko-ball-game,aropoko-ball-game,0,ball-game
asakontompene-four,asakontompene-four,asakontompene-four,0,four
asake-two,asake-two,asake-two,0,two
asakere-two,asakere-two,asakere-two,0,two
asare-get-stuck,asare-get-stuck,asare-get-stuck,0,get-stuck
asere-dry-cough,asere-dry-cough,asere-dry-cough,0,dry-cough
asuka-sugar,asuka-sugar,asuka-sugar,0,sugar
ati-plot-of-cultivated-land,ati-plot-of-cultivated-land,ati-plot-of-cultivated-land,0,plot-of-cultivated-land
ati-plot-of-cultivated-land-1,ati-plot-of-cultivated-land-1,ati-plot-of-cultivated-land-1,0,plot-of-cultivated-land
awajpe-mountain-eagle,awajpe-mountain-eagle,awajpe-mountain-eagle,0,mountain-eagle
awarake-wasp-sp,awarake-wasp-sp,awarake-wasp-sp,0,wasp-sp
awochi-tumor,awochi-tumor,awochi-tumor,0,tumor
chai-son-voc,chai-son-voc,chai-son-voc,0,son-voc
chapeti-squeal,chapeti-squeal,chapeti-squeal,0,squeal
chapeti-squeal-1,chapeti-squeal-1,chapeti-squeal-1,0,squeal
chijchipu-body-movement,chijchipu-body-movement,chijchipu-body-movement,0,body-movement
chika-bite,chika-bite,chika-bite,0,bite
chikimu-knee,chikimu-knee,chikimu-knee,0,knee
ichikimu-knee,ichikimu-knee,ichikimu-knee,0,knee
chike-chigger,chike-chigger,chike-chigger,0,chigger
chima-path,chima-path,chima-path,0,path
chimichimi-worm-dog,chimichimi-worm-dog,chimichimi-worm-dog,0,worm-dog
chipiyu-fungus-sp,chipiyu-fungus-sp,chipiyu-fungus-sp,0,"fungus,sp"
chipe-caranna,chipe-caranna,chipe-caranna,0,caranna
chiramu-mange,chiramu-mange,chiramu-mange,0,mange
chirike-star,chirike-star,chirike-star,0,star
chiri-titi-monkey,chiri-titi-monkey,chiri-titi-monkey,0,titi-monkey
chiri-wild-pineapple,chiri-wild-pineapple,chiri-wild-pineapple,0,wild-pineapple
chiyakono-friend,chiyakono-friend,chiyakono-friend,0,friend
chiyakon-friend,chiyakon-friend,chiyakon-friend,0,friend
chiyakom-friend,chiyakom-friend,chiyakom-friend,0,friend
chekey-nit,chekey-nit,chekey-nit,0,nit
ejne-1-2pro,ejne-1-2pro,ejne-1-2pro,0,1-2pro
ejne-1-2pro-1,ejne-1-2pro-1,ejne-1-2pro-1,0,1-2pro
enijpete-one,enijpete-one,enijpete-one,0,one
enire-now,enire-now,enire-now,0,now
eniro-now,eniro-now,eniro-now,0,now
entono-from-here,entono-from-here,entono-from-here,0,from-here
ente-here-loc,ente-here-loc,ente-here-loc,0,"here,loc"
epe-escape,epe-escape,epe-escape,0,escape
eretapi-cultivated-plant,eretapi-cultivated-plant,eretapi-cultivated-plant,0,cultivated-plant
ewine-here-all,ewine-here-all,ewine-here-all,0,"here,all"
ijmoy-egg,ijmoy-egg,ijmoy-egg,0,egg
ijpu-summit,ijpu-summit,ijpu-summit,0,summit
inawe-have,inawe-have,inawe-have,0,have
ini-see,ini-see,ini-see,0,see
in-see,in-see,in-see,0,see
ene-see,ene-see,ene-see,0,see
intipijke-small,intipijke-small,intipijke-small,0,small
iriyawe-then,iriyawe-then,iriyawe-then,0,then
irejpe-then,irejpe-then,irejpe-then,0,then
ita-hear,ita-hear,ita-hear,0,hear
iyajtepe-before,iyajtepe-before,iyajtepe-before,0,before
yajtepe-before,yajtepe-before,yajtepe-before,0,before
iyajte-care-for,iyajte-care-for,iyajte-care-for,0,care-for
jta-foot,jta-foot,jta-foot,0,foot
jwaka-ill-aq,jwaka-ill-aq,jwaka-ill-aq,0,"ill,aq"
kaimo-game,kaimo-game,kaimo-game,0,game
kamere-lightning,kamere-lightning,kamere-lightning,0,lightning
kampara-big,kampara-big,kampara-big,0,big
kampra-big,kampra-big,kampra-big,0,big
kamwiyajka-change,kamwiyajka-change,kamwiyajka-change,0,change
kapau-dasypus-novemcinctus,kapau-dasypus-novemcinctus,kapau-dasypus-novemcinctus,0,dasypus-novemcinctus
karasake-white,karasake-white,karasake-white,0,white
ka-take-out,ka-take-out,ka-take-out,0,take-out
kasajpe-fruit-pit,kasajpe-fruit-pit,kasajpe-fruit-pit,0,fruit-pit
kaso-fat,kaso-fat,kaso-fat,0,fat
kawono-high,kawono-high,kawono-high,0,high
kawon-high,kawon-high,kawon-high,0,high
kawe-high,kawe-high,kawe-high,0,high
kayami-louse,kayami-louse,kayami-louse,0,louse
kaya-barbasco,kaya-barbasco,kaya-barbasco,0,barbasco
kaya-gourd,kaya-gourd,kaya-gourd,0,gourd
kejkepe-salamander,kejkepe-salamander,kejkepe-salamander,0,salamander
kinta-become-tired,kinta-become-tired,kinta-become-tired,0,become-tired
kocha-tail,kocha-tail,kocha-tail,0,tail
kojpa-night,kojpa-night,kojpa-night,0,night
konopo-rain,konopo-rain,konopo-rain,0,rain
ko-brassolis-sophorae,ko-brassolis-sophorae,ko-brassolis-sophorae,0,brassolis-sophorae
kori-brassolis-sophorae,kori-brassolis-sophorae,kori-brassolis-sophorae,0,brassolis-sophorae
kuku-answer,kuku-answer,kuku-answer,0,answer
kune-cook,kune-cook,kune-cook,0,cook
kuno-cook,kuno-cook,kuno-cook,0,cook
kuru-prochilodus-mariae,kuru-prochilodus-mariae,kuru-prochilodus-mariae,0,prochilodus-mariae
kuruwa-coroba-palm,kuruwa-coroba-palm,kuruwa-coroba-palm,0,coroba-palm
kuya-tree-sp,kuya-tree-sp,kuya-tree-sp,0,"tree,sp"
kuyuwi-bird-sp,kuyuwi-bird-sp,kuyuwi-bird-sp,0,"bird,sp"
kejma-hunt,kejma-hunt,kejma-hunt,0,hunt
kemu-pus,kemu-pus,kemu-pus,0,pus
keta-stink,keta-stink,keta-stink,0,stink
ketejwate-cotton,ketejwate-cotton,ketejwate-cotton,0,cotton
keya-think,keya-think,keya-think,0,think
kimiy-chili,kimiy-chili,kimiy-chili,0,chili
kimii-chili,kimii-chili,kimii-chili,0,chili
kiripi-go-out,kiripi-go-out,kiripi-go-out,0,go-out
maka-ceiba-pentandra,maka-ceiba-pentandra,maka-ceiba-pentandra,0,ceiba-pentandra
makarike-cayman,makarike-cayman,makarike-cayman,0,cayman
makuyupi-catfish-sp,makuyupi-catfish-sp,makuyupi-catfish-sp,0,"catfish,sp"
make-mom,make-mom,make-mom,0,mom
mapara-chicken,mapara-chicken,mapara-chicken,0,chicken
mare-still,mare-still,mare-still,0,still
mare-still-1,mare-still-1,mare-still-1,0,still
mati-breast,mati-breast,mati-breast,0,breast
mejya-cover,mejya-cover,mejya-cover,0,cover
miti-root,miti-root,miti-root,0,root
mone-vagina,mone-vagina,mone-vagina,0,vagina
moneka-girl-voc,moneka-girl-voc,moneka-girl-voc,0,"girl,voc"
monkontomo-2pl-pro,monkontomo-2pl-pro,monkontomo-2pl-pro,0,"2pl,pro"
mokontomo-2pl-pro,mokontomo-2pl-pro,mokontomo-2pl-pro,0,"2pl,pro"
mekontomo-2pl-pro,mekontomo-2pl-pro,mekontomo-2pl-pro,0,"2pl,pro"
montomo-2pl-pro,montomo-2pl-pro,montomo-2pl-pro,0,"2pl,pro"
mokontom-2pl-pro,mokontom-2pl-pro,mokontom-2pl-pro,0,"2pl,pro"
mokonton-2pl-pro,mokonton-2pl-pro,mokonton-2pl-pro,0,"2pl,pro"
moroko-fish,moroko-fish,moroko-fish,0,fish
morone-hurting,morone-hurting,morone-hurting,0,hurting
moroni-pain,moroni-pain,moroni-pain,0,pain
moron-pain,moron-pain,moron-pain,0,pain
morono-poison,morono-poison,morono-poison,0,poison
moto-worm,moto-worm,moto-worm,0,worm
moyochi-spider-sp,moyochi-spider-sp,moyochi-spider-sp,0,spider-sp
mujna-grave,mujna-grave,mujna-grave,0,grave
mujyane-pregnancy,mujyane-pregnancy,mujyane-pregnancy,0,pregnancy
mujyam-pregnancy,mujyam-pregnancy,mujyam-pregnancy,0,pregnancy
muku-child,muku-child,muku-child,0,child
mune-bulbous,mune-bulbous,mune-bulbous,0,bulbous
munta-budding,munta-budding,munta-budding,0,budding
mejki-dist-anim,mejki-dist-anim,mejki-dist-anim,0,"dist,anim"
meki-dist-anim,meki-dist-anim,meki-dist-anim,0,"dist,anim"
mere-2pro,mere-2pro,mere-2pro,0,2pro
mijna-there-all,mijna-there-all,mijna-there-all,0,"there,all"
minte-there-loc,minte-there-loc,minte-there-loc,0,"there,loc"
mira-priodontes-maximus,mira-priodontes-maximus,mira-priodontes-maximus,0,priodontes-maximus
nai-do,nai-do,nai-do,0,do
naij-do,naij-do,naij-do,0,do
najmo-grandmother,najmo-grandmother,najmo-grandmother,0,grandmother
najpi-grandfather,najpi-grandfather,najpi-grandfather,0,grandfather
najwata-harbor,najwata-harbor,najwata-harbor,0,harbor
naki-thirst,naki-thirst,naki-thirst,0,thirst
nata-door,nata-door,nata-door,0,door
nepi-bring,nepi-bring,nepi-bring,0,bring
nej-bring,nej-bring,nej-bring,0,bring
nono-earth,nono-earth,nono-earth,0,earth
nope-good,nope-good,nope-good,0,good
nop-good,nop-good,nop-good,0,good
noro-parrot-sp,noro-parrot-sp,noro-parrot-sp,0,"parrot,sp"
noti-potential-partner,noti-potential-partner,noti-potential-partner,0,potential-partner
nta-mouth,nta-mouth,nta-mouth,0,mouth
inta-mouth,inta-mouth,inta-mouth,0,mouth
nune-moon,nune-moon,nune-moon,0,moon
nu-tongue,nu-tongue,nu-tongue,0,tongue
nwajte-dance,nwajte-dance,nwajte-dance,0,dance
wajte-dance,wajte-dance,wajte-dance,0,dance
neme-leave,neme-leave,neme-leave,0,leave
ojpa-give-drink,ojpa-give-drink,ojpa-give-drink,0,give-drink
onono-another,onono-another,onono-another,0,another
orojyamo-evil-being,orojyamo-evil-being,orojyamo-evil-being,0,evil-being
pachi-older-sister-of-woman,pachi-older-sister-of-woman,pachi-older-sister-of-woman,0,older-sister-of-woman
paka-cow,paka-cow,paka-cow,0,cow
pakara-basket,pakara-basket,pakara-basket,0,basket
pakura-coix-lacryma-jobi,pakura-coix-lacryma-jobi,pakura-coix-lacryma-jobi,0,coix-lacryma-jobi
paku-arrow-tip,paku-arrow-tip,paku-arrow-tip,0,arrow-tip
pana-ear,pana-ear,pana-ear,0,ear
pana-dat,pana-dat,pana-dat,0,dat
panaima-give-advice,panaima-give-advice,panaima-give-advice,0,give-advice
papa-father,papa-father,papa-father,0,father
parata-silver,parata-silver,parata-silver,0,silver
pirata-silver,pirata-silver,pirata-silver,0,silver
parujpe-broth,parujpe-broth,parujpe-broth,0,broth
pata-village,pata-village,pata-village,0,village
pata-axe,pata-axe,pata-axe,0,axe
pate-cross,pate-cross,pate-cross,0,cross
penare-before,penare-before,penare-before,0,before
pene-piranha,pene-piranha,pene-piranha,0,piranha
pepoye-above-perl,pepoye-above-perl,pepoye-above-perl,0,"above,perl"
pe-palm-sp,pe-palm-sp,pe-palm-sp,0,"palm,sp"
peti-leg,peti-leg,peti-leg,0,leg
peye-turtle-sp,peye-turtle-sp,peye-turtle-sp,0,"turtle,sp"
picha-capuchin-monkey,picha-capuchin-monkey,picha-capuchin-monkey,0,capuchin-monkey
pichipichi-whitebait,pichipichi-whitebait,pichipichi-whitebait,0,whitebait
pijpe-skin,pijpe-skin,pijpe-skin,0,skin
pika-peel,pika-peel,pika-peel,0,peel
pike-fart,pike-fart,pike-fart,0,fart
pipi-younger-brother-of-woman,pipi-younger-brother-of-woman,pipi-younger-brother-of-woman,0,younger-brother-of-woman
pirini-walk,pirini-walk,pirini-walk,0,walk
pirini-walk-1,pirini-walk-1,pirini-walk-1,0,walk
pojte-want,pojte-want,pojte-want,0,want
pore-leg,pore-leg,pore-leg,0,leg
poroko-basket-sp,poroko-basket-sp,poroko-basket-sp,0,"basket,sp"
poseti-belly,poseti-belly,poseti-belly,0,belly
pota-mouth,pota-mouth,pota-mouth,0,mouth
poye-above,poye-above,poye-above,0,above
punu-flesh,punu-flesh,punu-flesh,0,flesh
pun-flesh,pun-flesh,pun-flesh,0,flesh
puri-older,puri-older,puri-older,0,older
putu-feel,putu-feel,putu-feel,0,feel
peke-about,peke-about,peke-about,0,about
poko-about,poko-about,poko-about,0,about
penaka-return,penaka-return,penaka-return,0,return
pimi-neck,pimi-neck,pimi-neck,0,neck
pirika-endure,pirika-endure,pirika-endure,0,endure
piti-paint,piti-paint,piti-paint,0,paint
roka-wash,roka-wash,roka-wash,0,wash
roko-crazy,roko-crazy,roko-crazy,0,crazy
romoye-downriver,romoye-downriver,romoye-downriver,0,downriver
rotoro-doctor,rotoro-doctor,rotoro-doctor,0,doctor
rui-older-brother,rui-older-brother,rui-older-brother,0,older-brother
sai-penis,sai-penis,sai-penis,0,penis
sakara-hoplias-malabaricus,sakara-hoplias-malabaricus,sakara-hoplias-malabaricus,0,hoplias-malabaricus
sakau-sand,sakau-sand,sakau-sand,0,sand
saku-sweet-potato,saku-sweet-potato,saku-sweet-potato,0,sweet-potato
samo-cry,samo-cry,samo-cry,0,cry
semo-cry,semo-cry,semo-cry,0,cry
asamo-cry,asamo-cry,asamo-cry,0,cry
sampu-black-piranha,sampu-black-piranha,sampu-black-piranha,0,black-piranha
sapara-heavy-pot,sapara-heavy-pot,sapara-heavy-pot,0,heavy-pot
sare-here-all,sare-here-all,sare-here-all,0,"here,all"
sawo-rapids,sawo-rapids,sawo-rapids,0,rapids
sepami-get-married,sepami-get-married,sepami-get-married,0,get-married
sepan-get-married,sepan-get-married,sepan-get-married,0,get-married
sere-bitter-manioc,sere-bitter-manioc,sere-bitter-manioc,0,bitter-manioc
sojpa-take-out,sojpa-take-out,sojpa-take-out,0,take-out
sopika-skin,sopika-skin,sopika-skin,0,skin
sukase-all,sukase-all,sukase-all,0,all-1
sukutaka-yucuta,sukutaka-yucuta,sukutaka-yucuta,0,yucuta
surukupi-fish-sp,surukupi-fish-sp,surukupi-fish-sp,0,"fish,sp"
sema-die,sema-die,sema-die,0,die
esema-die,esema-die,esema-die,0,die
tajme-ugly,tajme-ugly,tajme-ugly,0,ugly
tajnomo-piaroa,tajnomo-piaroa,tajnomo-piaroa,0,piaroa
tajnon-piaroa,tajnon-piaroa,tajnon-piaroa,0,piaroa
tajromini-bad-omen,tajromini-bad-omen,tajromini-bad-omen,0,bad-omen
tajromin-bad-omen,tajromin-bad-omen,tajromin-bad-omen,0,bad-omen
tajropo-have-fever,tajropo-have-fever,tajropo-have-fever,0,have-fever
takono-other,takono-other,takono-other,0,other
takon-other,takon-other,takon-other,0,other
takunu-laziness,takunu-laziness,takunu-laziness,0,laziness
tapa-beat,tapa-beat,tapa-beat,0,beat
tarine-fast,tarine-fast,tarine-fast,0,fast
taro-say,taro-say,taro-say,0,say
taj-say,taj-say,taj-say,0,say
ta-say,ta-say,ta-say,0,say
tawani-darkness,tawani-darkness,tawani-darkness,0,darkness
tawa-nyctidromus-albicollis,tawa-nyctidromus-albicollis,tawa-nyctidromus-albicollis,0,nyctidromus-albicollis
temeki-defend,temeki-defend,temeki-defend,0,defend
semeki-defend,semeki-defend,semeki-defend,0,defend
semej-defend,semej-defend,semej-defend,0,defend
tojpa-hit,tojpa-hit,tojpa-hit,0,hit
tonko-play,tonko-play,tonko-play,0,play
torono-bird,torono-bird,torono-bird,0,bird
torote-cemetery,torote-cemetery,torote-cemetery,0,cemetery
toto-non-indian,toto-non-indian,toto-non-indian,0,non-indian
tujnaka-iller,tujnaka-iller,tujnaka-iller,0,iller
tuna-water,tuna-water,tuna-water,0,water
tunami-hide,tunami-hide,tunami-hide,0,hide
tunam-hide,tunam-hide,tunam-hide,0,hide
tu-give,tu-give,tu-give,0,give
te-loc,te-loc,te-loc,0,loc
teijpo-far,teijpo-far,teijpo-far,0,far
teijpe-far,teijpe-far,teijpe-far,0,far
teijpo-far-1,teijpo-far-1,teijpo-far-1,0,far
tejta-hollow,tejta-hollow,tejta-hollow,0,hollow
tenesemi-fish,tenesemi-fish,tenesemi-fish,0,fish
tenesem-fish,tenesem-fish,tenesem-fish,0,fish
tewi-3pro,tewi-3pro,tewi-3pro,0,3pro
ta-3pro,ta-3pro,ta-3pro,0,3pro
waijta-mouse,waijta-mouse,waijta-mouse,0,mouse
waijte-head,waijte-head,waijte-head,0,head
waimu-language,waimu-language,waimu-language,0,language
waimu-speak,waimu-speak,waimu-speak,0,speak
waimurun-speak,waimurun-speak,waimurun-speak,0,speak
wajto-fire,wajto-fire,wajto-fire,0,fire
wajyaki-happy,wajyaki-happy,wajyaki-happy,0,happy
wajyaki-be-happy,wajyaki-be-happy,wajyaki-be-happy,0,be-happy
wajyakiti-be-happy,wajyakiti-be-happy,wajyakiti-be-happy,0,be-happy
wajyama-kiss,wajyama-kiss,wajyama-kiss,0,kiss
wanapu-savannah,wanapu-savannah,wanapu-savannah,0,savannah
wanene-aunt,wanene-aunt,wanene-aunt,0,aunt
waraijtokomo-man,waraijtokomo-man,waraijtokomo-man,0,man
waraijtokom-man,waraijtokom-man,waraijtokom-man,0,man
waraijtokon-man,waraijtokon-man,waraijtokon-man,0,man
waraijto-husband,waraijto-husband,waraijto-husband,0,husband
warota-work,warota-work,warota-work,0,work
waruwa-hoti,waruwa-hoti,waruwa-hoti,0,hoti
waruwaru-hoti,waruwaru-hoti,waruwaru-hoti,0,hoti
wasayi-attalea-maripa,wasayi-attalea-maripa,wasayi-attalea-maripa,0,attalea-maripa
wasai-attalea-maripa,wasai-attalea-maripa,wasai-attalea-maripa,0,attalea-maripa
wati-burn,wati-burn,wati-burn,0,burn
waj-burn,waj-burn,waj-burn,0,burn
wawe-loc-aq,wawe-loc-aq,wawe-loc-aq,0,"loc,aq"
wejyaka-into-house-of,wejyaka-into-house-of,wejyaka-into-house-of,0,into-house-of
wejyate-in-house-of,wejyate-in-house-of,wejyate-in-house-of,0,in-house-of
weka-defecate,weka-defecate,weka-defecate,0,defecate
wena-vomit,wena-vomit,wena-vomit,0,vomit
wenkepi-forget,wenkepi-forget,wenkepi-forget,0,forget
wenkepi-forget-1,wenkepi-forget-1,wenkepi-forget-1,0,forget
wenkej-forget,wenkej-forget,wenkej-forget,0,forget
wepi-come,wepi-come,wepi-come,0,come
wej-come,wej-come,wej-come,0,come
wereta-arrive,wereta-arrive,wereta-arrive,0,arrive
werewere-mosquito-sp,werewere-mosquito-sp,werewere-mosquito-sp,0,mosquito-sp
wereyi-cloud,wereyi-cloud,wereyi-cloud,0,cloud
werey-cloud,werey-cloud,werey-cloud,0,cloud
weroro-dog,weroro-dog,weroro-dog,0,dog
weseyu-be-angry,weseyu-be-angry,weseyu-be-angry,0,be-angry
wesei-be-angry,wesei-be-angry,wesei-be-angry,0,be-angry
wiriyamo-woman,wiriyamo-woman,wiriyamo-woman,0,woman
wurijyam-woman,wurijyam-woman,wurijyam-woman,0,woman
wurijyamo-woman,wurijyamo-woman,wurijyamo-woman,0,woman
wurijyan-woman,wurijyan-woman,wurijyan-woman,0,woman
wejka-fall,wejka-fall,wejka-fall,0,fall
wejte-go-down,wejte-go-down,wejte-go-down,0,go-down
we-kill,we-kill,we-kill,0,kill
winiki-sleep,winiki-sleep,winiki-sleep,0,sleep
winik-sleep,winik-sleep,winik-sleep,0,sleep
winij-sleep,winij-sleep,winij-sleep,0,sleep
wire-1pro,wire-1pro,wire-1pro,0,1pro
ya-ra-grandchild,ya-ra-grandchild,ya-ra-grandchild,0,grandchild
yajno-brother-in-law-man,yajno-brother-in-law-man,yajno-brother-in-law-man,0,brother-in-law-man
yaka-all,yaka-all,yaka-all,0,all
yaka-dig-out,yaka-dig-out,yaka-dig-out,0,dig-out
yamane-make,yamane-make,yamane-make,0,make
yaman-make,yaman-make,yaman-make,0,make
yamani-make,yamani-make,yamani-make,0,make
yami-pick-up,yami-pick-up,yami-pick-up,0,pick-up
yan-pick-up,yan-pick-up,yan-pick-up,0,pick-up
yam-pick-up,yam-pick-up,yam-pick-up,0,pick-up
yane-mother,yane-mother,yane-mother,0,mother
sane-mother,sane-mother,sane-mother,0,mother
yaniki-call,yaniki-call,yaniki-call,0,call
yanij-call,yanij-call,yanij-call,0,call
yapijtomo-old,yapijtomo-old,yapijtomo-old,0,old
yapijton-old,yapijton-old,yapijton-old,0,old
yapijtom-old,yapijtom-old,yapijtom-old,0,old
yapechi-grab,yapechi-grab,yapechi-grab,0,grab
yapej-grab,yapej-grab,yapej-grab,0,grab
yapichi-grab,yapichi-grab,yapichi-grab,0,grab
yarika-laugh,yarika-laugh,yarika-laugh,0,laugh
yaruwa-laugh,yaruwa-laugh,yaruwa-laugh,0,laugh
yare-bring,yare-bring,yare-bring,0,bring
yatane-adolescent,yatane-adolescent,yatane-adolescent,0,adolescent
yatam-adolescent,yatam-adolescent,yatam-adolescent,0,adolescent
yatan-adolescent,yatan-adolescent,yatan-adolescent,0,adolescent
yatunu-day,yatunu-day,yatunu-day,0,day
yatum-day,yatum-day,yatum-day,0,day
yatun-day,yatun-day,yatun-day,0,day
yate-loc,yate-loc,yate-loc,0,loc
yawaka-sow,yawaka-sow,yawaka-sow,0,sow
yawaki-grate,yawaki-grate,yawaki-grate,0,grate
yawaj-grate,yawaj-grate,yawaj-grate,0,grate
yawanka-kill,yawanka-kill,yawanka-kill,0,kill
yaye-loc,yaye-loc,yaye-loc,0,loc
yemekunu-five,yemekunu-five,yemekunu-five,0,five
yeme-eat-fruits-eggs-soup,yeme-eat-fruits-eggs-soup,yeme-eat-fruits-eggs-soup,0,eat-fruits-eggs-soup
yenepe-send-away,yenepe-send-away,yenepe-send-away,0,send-away
yepema-pay,yepema-pay,yepema-pay,0,pay
yojma-mix,yojma-mix,yojma-mix,0,mix
yojte-fish-with-hook,yojte-fish-with-hook,yojte-fish-with-hook,0,fish-with-hook
yoko-pimple,yoko-pimple,yoko-pimple,0,pimple
yoki-eat-starch,yoki-eat-starch,yoki-eat-starch,0,eat-starch
yoj-eat-starch,yoj-eat-starch,yoj-eat-starch,0,eat-starch
yopo-find,yopo-find,yopo-find,0,find
yujwa-burn,yujwa-burn,yujwa-burn,0,burn
yumpe-fairly,yumpe-fairly,yumpe-fairly,0,fairly
yutu-forest,yutu-forest,yutu-forest,0,forest
ye-tooth,ye-tooth,ye-tooth,0,tooth
ye-tooth-1,ye-tooth-1,ye-tooth-1,0,tooth
yejpe-bone,yejpe-bone,yejpe-bone,0,bone
yempeka-offend,yempeka-offend,yempeka-offend,0,offend
yeni-drink,yeni-drink,yeni-drink,0,drink
yeni-drink-1,yeni-drink-1,yeni-drink-1,0,drink
yen-drink,yen-drink,yen-drink,0,drink
yeni-drink-2,yeni-drink-2,yeni-drink-2,0,drink
yene-eat-meat,yene-eat-meat,yene-eat-meat,0,eat-meat
yewuku-answer,yewuku-answer,yewuku-answer,0,answer
yeye-tree,yeye-tree,yeye-tree,0,tree
yipi-mountain,yipi-mountain,yipi-mountain,0,mountain
ejpina-often,ejpina-often,ejpina-often,0,often
ekere-jaguar,ekere-jaguar,ekere-jaguar,0,jaguar
empare-already,empare-already,empare-already,0,already
impare-already,impare-already,impare-already,0,already
enuku-go-up,enuku-go-up,enuku-go-up,0,go-up
enuj-go-up,enuj-go-up,enuj-go-up,0,go-up
erine-cooking-pot,erine-cooking-pot,erine-cooking-pot,0,cooking-pot
etipa-go-in-group,etipa-go-in-group,etipa-go-in-group,0,go-in-group
tipa-go-in-group,tipa-go-in-group,tipa-go-in-group,0,go-in-group
ya-erg,ya-erg,ya-erg,0,erg
ya-obl,ya-obl,ya-obl,0,obl
yawe-loc,yawe-loc,yawe-loc,0,loc
yawo-loc,yawo-loc,yawo-loc,0,loc
chawe-loc,chawe-loc,chawe-loc,0,loc
tawara-too,tawara-too,tawara-too,0,too
tawaraij-too,tawaraij-too,tawaraij-too,0,too
chi-cop,chi-cop,chi-cop,0,cop
ch-cop,ch-cop,ch-cop,0,cop
chij-cop,chij-cop,chij-cop,0,cop
wej-cop,wej-cop,wej-cop,0,cop
waraij-like,waraij-like,waraij-like,0,like
warai-like,warai-like,warai-like,0,like
te-go,te-go,te-go,0,go
ke-ins,ke-ins,ke-ins,0,ins
ewenke-ignorant,ewenke-ignorant,ewenke-ignorant,0,ignorant
suku-urine,suku-urine,suku-urine,0,urine
suj-urine,suj-urine,suj-urine,0,urine
mesuku-blood,mesuku-blood,mesuku-blood,0,blood
mesuj-blood,mesuj-blood,mesuj-blood,0,blood
enka-finish,enka-finish,enka-finish,0,finish
enejka-watch,enejka-watch,enejka-watch,0,watch
tawejka-dawn,tawejka-dawn,tawejka-dawn,0,dawn
aniki-who,aniki-who,aniki-who,0,who
aniki-who-1,aniki-who-1,aniki-who-1,0,who
ka-say,ka-say,ka-say,0,say
kaj-say,kaj-say,kaj-say,0,say
iwiti-house,iwiti-house,iwiti-house,0,house
iwij-house,iwij-house,iwij-house,0,house
ej-house,ej-house,ej-house,0,house
tawaja-thus-neg,tawaja-thus-neg,tawaja-thus-neg,0,"thus,neg"
kanta-sing,kanta-sing,kanta-sing,0,sing
ekete-where,ekete-where,ekete-where,0,where
ekej-where,ekej-where,ekej-where,0,where
eki-chicha,eki-chicha,eki-chicha,0,chicha
oki-chicha,oki-chicha,oki-chicha,0,chicha
womi-enter,womi-enter,womi-enter,0,enter
won-enter,won-enter,won-enter,0,enter
i-put,i-put,i-put,0,put
peremeki-talk,peremeki-talk,peremeki-talk,0,talk
yekerema-boast-sexually,yekerema-boast-sexually,yekerema-boast-sexually,0,boast-sexually
sukuri-silently,sukuri-silently,sukuri-silently,0,silently
yare-alone,yare-alone,yare-alone,0,alone
wera-like,wera-like,wera-like,0,like
wara-like,wara-like,wara-like,0,like
wora-like,wora-like,wora-like,0,like
po-loc,po-loc,po-loc,0,loc
tewijna-there-ana,tewijna-there-ana,tewijna-there-ana,0,"there,ana"
ese-name,ese-name,ese-name,0,name
empami-learn,empami-learn,empami-learn,0,learn
empan-learn,empan-learn,empan-learn,0,learn
empam-learn,empam-learn,empam-learn,0,learn
yakucho-p-a,yakucho-p-a,yakucho-p-a,0,"p,a"
akino-younger-brother,akino-younger-brother,akino-younger-brother,0,younger-brother
yakara-believe,yakara-believe,yakara-believe,0,believe
pupuri-bactris-gasipaes,pupuri-bactris-gasipaes,pupuri-bactris-gasipaes,0,bactris-gasipaes
pipiri-bactris-gasipaes,pipiri-bactris-gasipaes,pipiri-bactris-gasipaes,0,bactris-gasipaes
pipiri-bactris-gasipaes-1,pipiri-bactris-gasipaes-1,pipiri-bactris-gasipaes-1,0,bactris-gasipaes
pijiguao-bactris-gasipaes,pijiguao-bactris-gasipaes,pijiguao-bactris-gasipaes,0,bactris-gasipaes
awo-uncle,awo-uncle,awo-uncle,0,uncle
ejwe-hammock,ejwe-hammock,ejwe-hammock,0,hammock
ejwa-hammock,ejwa-hammock,ejwa-hammock,0,hammock
yakete-cut,yakete-cut,yakete-cut,0,cut
parangana-pot,parangana-pot,parangana-pot,0,pot
tampa-become-angry,tampa-become-angry,tampa-become-angry,0,become-angry
nanka-find,nanka-find,nanka-find,0,find
akono-younger-sister-of-woman,akono-younger-sister-of-woman,akono-younger-sister-of-woman,0,younger-sister-of-woman
nwa-glute,nwa-glute,nwa-glute,0,glute
ejne-below,ejne-below,ejne-below,0,below
erepunu-sick,erepunu-sick,erepunu-sick,0,sick
erepun-sick,erepun-sick,erepun-sick,0,sick
sarampion-measles,sarampion-measles,sarampion-measles,0,measles
joti-hoti,joti-hoti,joti-hoti,0,hoti
akere-relative,akere-relative,akere-relative,0,relative
akere-relative-1,akere-relative-1,akere-relative-1,0,relative
u-starchy-food,u-starchy-food,u-starchy-food,0,starchy-food
wintika-disappear,wintika-disappear,wintika-disappear,0,disappear
sawankuwi-die,sawankuwi-die,sawankuwi-die,0,die
sawankui-die,sawankui-die,sawankui-die,0,die
yawarana-yawarana,yawarana-yawarana,yawarana-yawarana,0,yawarana
wine-from,wine-from,wine-from,0,from
wine-from-1,wine-from-1,wine-from-1,0,from
kunawo-brother-in-law,kunawo-brother-in-law,kunawo-brother-in-law,0,brother-in-law
kanejte-weave,kanejte-weave,kanejte-weave,0,weave
indigena-indigenous-person,indigena-indigenous-person,indigena-indigenous-person,0,indigenous-person
pekepene-alone,pekepene-alone,pekepene-alone,0,alone
kajwe-coffee,kajwe-coffee,kajwe-coffee,0,coffee
kapitan-chief,kapitan-chief,kapitan-chief,0,chief
are-leaf,are-leaf,are-leaf,0,leaf
ron-rum,ron-rum,ron-rum,0,rum
pike-when,pike-when,pike-when,0,when
peremeki-speak,peremeki-speak,peremeki-speak,0,speak
sanaka-heal,sanaka-heal,sanaka-heal,0,heal
sempinuku-close-eyes,sempinuku-close-eyes,sempinuku-close-eyes,0,close-eyes
sempinuj-close-eyes,sempinuj-close-eyes,sempinuj-close-eyes,0,close-eyes
pe-ess,pe-ess,pe-ess,0,ess
kerejpe-old,kerejpe-old,kerejpe-old,0,old
kere-old,kere-old,kere-old,0,old
enu-eye,enu-eye,enu-eye,0,eye
emekunu-hand,emekunu-hand,emekunu-hand,0,hand
umukunu-hand,umukunu-hand,umukunu-hand,0,hand
ere-liver,ere-liver,ere-liver,0,liver
oti-meat,oti-meat,oti-meat,0,meat
ena-nose,ena-nose,ena-nose,0,nose
echi-smoke,echi-smoke,echi-smoke,0,smoke
tepu-stone,tepu-stone,tepu-stone,0,stone
ape-arm-wing,ape-arm-wing,ape-arm-wing,0,arm-wing
yeremutu-ash,yeremutu-ash,yeremutu-ash,0,ash
kanawa-canoe,kanawa-canoe,kanawa-canoe,0,canoe
kemichini-be-cold,kemichini-be-cold,kemichini-be-cold,0,be-cold
yakuri-agouti,yakuri-agouti,yakuri-agouti,0,agouti
makampra-aunt,makampra-aunt,makampra-aunt,0,aunt
yemi-be-hungry,yemi-be-hungry,yemi-be-hungry,0,be-hungry
yomi-be-hungry,yomi-be-hungry,yomi-be-hungry,0,be-hungry
yemi-be-hungry-1,yemi-be-hungry-1,yemi-be-hungry-1,0,be-hungry
ijmojka-cook,ijmojka-cook,ijmojka-cook,0,cook
ijmoka-cook,ijmoka-cook,ijmoka-cook,0,cook
padrastro-stepfather,padrastro-stepfather,padrastro-stepfather,0,stepfather
akere-with,akere-with,akere-with,0,with
ka-all,ka-all,ka-all,0,all
maijte-go-imp,maijte-go-imp,maijte-go-imp,0,"go,imp"
ejnomo-ejnomo,ejnomo-ejnomo,ejnomo-ejnomo,0,ejnomo
enirepeke-recently,enirepeke-recently,enirepeke-recently,0,recently
meresantomo-med-inan-pl,meresantomo-med-inan-pl,meresantomo-med-inan-pl,0,"med,inan,pl"
mente-here,mente-here,mente-here,0,here
mete-here,mete-here,mete-here,0,here
ejwetunu-sick,ejwetunu-sick,ejwetunu-sick,0,sick
ejetum-sick,ejetum-sick,ejetum-sick,0,sick
penare-ancestor,penare-ancestor,penare-ancestor,0,ancestor
yeneka-take-away,yeneka-take-away,yeneka-take-away,0,take-away
yakijte-sleep-with,yakijte-sleep-with,yakijte-sleep-with,0,sleep-with
chayi-son,chayi-son,chayi-son,0,son
sujta-urinate-0,sujta-urinate,suj-urine,0,urine
sujta-urinate-1,sujta-urinate,tavbz,1,"vbz,intr"
kaimota-hunt-0,kaimota-hunt,kaimo-game,0,game
kaimota-hunt-1,kaimota-hunt,tavbz,1,"vbz,intr"
meteta-thin-0,meteta-thin,mete-here,0,here
meteta-thin-1,meteta-thin,tavbz,1,"vbz,intr"
yokota-grow-pimple-0,yokota-grow-pimple,yoko-pimple,0,pimple
yokota-grow-pimple-1,yokota-grow-pimple,tavbz,1,"vbz,intr"
erepunta-become-sick-0,erepunta-become-sick,erepun-sick,0,sick
erepunta-become-sick-1,erepunta-become-sick,tavbz,1,"vbz,intr"
wereyta-cloud-over-0,wereyta-cloud-over,werey-cloud,0,cloud
wereyta-cloud-over-1,wereyta-cloud-over,tavbz,1,"vbz,intr"
wanaputa-grow-savannah-grass-0,wanaputa-grow-savannah-grass,wanapu-savannah,0,savannah
wanaputa-grow-savannah-grass-1,wanaputa-grow-savannah-grass,tavbz,1,"vbz,intr"
sakauta-get-sandy-0,sakauta-get-sandy,sakau-sand,0,sand
sakauta-get-sandy-1,sakauta-get-sandy,tavbz,1,"vbz,intr"
rokota-become-crazy-0,rokota-become-crazy,roko-crazy,0,crazy
rokota-become-crazy-1,rokota-become-crazy,tavbz,1,"vbz,intr"
punta-form-pulp-0,punta-form-pulp,pun-flesh,0,flesh
punta-form-pulp-1,punta-form-pulp,tavbz,1,"vbz,intr"
piketa-fart-0,piketa-fart,pike-fart,0,fart
piketa-fart-1,piketa-fart,tavbz,1,"vbz,intr"
pichipichita-form-whitebait-0,pichipichita-form-whitebait,pichipichi-whitebait,0,whitebait
pichipichita-form-whitebait-1,pichipichita-form-whitebait,tavbz,1,"vbz,intr"
nakita-be-thirsty-0,nakita-be-thirsty,naki-thirst,0,thirst
nakita-be-thirsty-1,nakita-be-thirsty,tavbz,1,"vbz,intr"
mukuta-have-son-0,mukuta-have-son,muku-child,0,child
mukuta-have-son-1,mukuta-have-son,tavbz,1,"vbz,intr"
motota-fill-with-worms-0,motota-fill-with-worms,moto-worm,0,worm
motota-fill-with-worms-1,motota-fill-with-worms,tavbz,1,"vbz,intr"
moronta-hurt-0,moronta-hurt,moron-pain,0,pain
moronta-hurt-1,moronta-hurt,tavbz,1,"vbz,intr"
mesujta-bleed-0,mesujta-bleed,mesuj-blood,0,blood
mesujta-bleed-1,mesujta-bleed,tavbz,1,"vbz,intr"
kereta-ripen-0,kereta-ripen,kere-old,0,old
kereta-ripen-1,kereta-ripen,tavbz,1,"vbz,intr"
kemuta-emit-pus-0,kemuta-emit-pus,kemu-pus,0,pus
kemuta-emit-pus-1,kemuta-emit-pus,tavbz,1,"vbz,intr"
konopota-start-rainy-season-0,konopota-start-rainy-season,konopo-rain,0,rain
konopota-start-rainy-season-1,konopota-start-rainy-season,tavbz,1,"vbz,intr"
kawonota-get-high-0,kawonota-get-high,kawono-high,0,high
kawonota-get-high-1,kawonota-get-high,tavbz,1,"vbz,intr"
kamparata-grow-0,kamparata-grow,kampara-big,0,big
kamparata-grow-1,kamparata-grow,tavbz,1,"vbz,intr"
chekeyta-fill-with-nits-0,chekeyta-fill-with-nits,chekey-nit,0,nit
chekeyta-fill-with-nits-1,chekeyta-fill-with-nits,tavbz,1,"vbz,intr"
chimichimita-fill-with-worms-dog-0,chimichimita-fill-with-worms-dog,chimichimi-worm-dog,0,worm-dog
chimichimita-fill-with-worms-dog-1,chimichimita-fill-with-worms-dog,tavbz,1,"vbz,intr"
chiketa-get-chiggers-0,chiketa-get-chiggers,chike-chigger,0,chigger
chiketa-get-chiggers-1,chiketa-get-chiggers,tavbz,1,"vbz,intr"
awochita-form-tumor-0,awochita-form-tumor,awochi-tumor,0,tumor
awochita-form-tumor-1,awochita-form-tumor,tavbz,1,"vbz,intr"
asereta-have-dry-cough-0,asereta-have-dry-cough,asere-dry-cough,0,dry-cough
asereta-have-dry-cough-1,asereta-have-dry-cough,tavbz,1,"vbz,intr"
aijkoronota-recover-0,aijkoronota-recover,aijkorono-recovered,0,recovered
aijkoronota-recover-1,aijkoronota-recover,tavbz,1,"vbz,intr"
ajpachita-overgrows-0,ajpachita-overgrows,ajpachi-undergrowth,0,undergrowth
ajpachita-overgrows-1,ajpachita-overgrows,tavbz,1,"vbz,intr"
akita-fill-with-worms-0,akita-fill-with-worms,aki-worm,0,worm
akita-fill-with-worms-1,akita-fill-with-worms,tavbz,1,"vbz,intr"
apita-ripen-0,apita-ripen,api-ripeness,0,ripeness
apita-ripen-1,apita-ripen,tavbz,1,"vbz,intr"
amuta-ripen-0,amuta-ripen,amu-ripeness,0,ripeness
amuta-ripen-1,amuta-ripen,tavbz,1,"vbz,intr"
chijchiputa-move-body-0,chijchiputa-move-body,chijchipu-body-movement,0,body-movement
chijchiputa-move-body-1,chijchiputa-move-body,tavbz,1,"vbz,intr"
kasota-fatten-0,kasota-fatten,kaso-fat,0,fat
kasota-fatten-1,kasota-fatten,tavbz,1,"vbz,intr"
takunuta-slack-off-0,takunuta-slack-off,takunu-laziness,0,laziness
takunuta-slack-off-1,takunuta-slack-off,tavbz,1,"vbz,intr"
werewereta-swarm-mosquitos-0,werewereta-swarm-mosquitos,werewere-mosquito-sp,0,mosquito-sp
werewereta-swarm-mosquitos-1,werewereta-swarm-mosquitos,tavbz,1,"vbz,intr"
keyata-grow-0,keyata-grow,keya-think,0,think
keyata-grow-1,keyata-grow,tavbz,1,"vbz,intr"
keyeta-grow-0,keyeta-grow,keya-big,0,big-1
keyeta-grow-1,keyeta-grow,tavbz,1,"vbz,intr"
majta-become-thin-0,majta-become-thin,maj-thin,0,thin
majta-become-thin-1,majta-become-thin,tavbz,1,"vbz,intr"
paijta-swell-river-0,paijta-swell-river,paij-full,0,full
paijta-swell-river-1,paijta-swell-river,tavbz,1,"vbz,intr"
wenaka-vomit-0,wenaka-vomit,wena-vomit,0,vomit
wenaka-vomit-1,wenaka-vomit,kavbz,1,"vbz,tr"
ajpachika-weed-0,ajpachika-weed,ajpachi-undergrowth,0,undergrowth
ajpachika-weed-1,ajpachika-weed,kavbz,1,"vbz,tr"
mejyaka-uncover-0,mejyaka-uncover,mejya-cover,0,cover
mejyaka-uncover-1,mejyaka-uncover,kavbz,1,"vbz,tr"
moronka-make-suffer-0,moronka-make-suffer,moron-pain,0,pain
moronka-make-suffer-1,moronka-make-suffer,kavbz,1,"vbz,tr"
mujnaka-dig-out-0,mujnaka-dig-out,mujna-grave,0,grave
mujnaka-dig-out-1,mujnaka-dig-out,kavbz,1,"vbz,tr"
pataka-take-out-0,pataka-take-out,pata-village,0,village
pataka-take-out-1,pataka-take-out,kavbz,1,"vbz,tr"
katupuma-pile-up-0,katupuma-pile-up,katupu-pile-up,0,pile-up
katupuma-pile-up-1,katupuma-pile-up,macaus,1,caus
keyama-raise-0,keyama-raise,keya-think,0,think
keyama-raise-1,keyama-raise,macaus,1,caus
kirima-thicken-0,kirima-thicken,kiri-thicken,0,thicken
kirima-thicken-1,kirima-thicken,macaus,1,caus
morontama-cause-pain-0,morontama-cause-pain,moron-pain,0,pain
morontama-cause-pain-1,morontama-cause-pain,tavbz,1,"vbz,intr"
morontama-cause-pain-2,morontama-cause-pain,macaus,2,caus
pejma-bewitch-0,pejma-bewitch,pej-witch,0,witch
pejma-bewitch-1,pejma-bewitch,macaus,1,caus
yajwema-sweeten-0,yajwema-sweeten,yajwe-become-sweet,0,become-sweet
yajwema-sweeten-1,yajwema-sweeten,macaus,1,caus
yapima-make-worse-0,yapima-make-worse,yapi-become-worse,0,become-worse
yapima-make-worse-1,yapima-make-worse,macaus,1,caus
yatuma-warm-0,yatuma-warm,yatu-become-warm,0,become-warm
yatuma-warm-1,yatuma-warm,macaus,1,caus
yerema-feed-0,yerema-feed,yere-eat,0,eat
yerema-feed-1,yerema-feed,macaus,1,caus
erema-feed-0,erema-feed,ere-liver,0,liver
erema-feed-1,erema-feed,macaus,1,caus
yakarama-tell-0,yakarama-tell,yakara-believe,0,believe
yakarama-tell-1,yakarama-tell,macaus,1,caus
ejnai-make-self-0,ejnai-make-self,dt1,0,detrz
ejnai-make-self-1,ejnai-make-self,nai-do,1,do
ejwenaka-vomit-0,ejwenaka-vomit,dt1,0,detrz
ejwenaka-vomit-1,ejwenaka-vomit,wena-vomit,1,vomit
ejwenaka-vomit-2,ejwenaka-vomit,kavbz,2,"vbz,tr"
serema-eat-0,serema-eat,dt2,0,detrz
serema-eat-1,serema-eat,ere-liver,1,liver
serema-eat-2,serema-eat,macaus,2,caus
senka-finish-0,senka-finish,dt2,0,detrz
senka-finish-1,senka-finish,enka-finish,1,finish
ejneme-remain-0,ejneme-remain,dt1,0,detrz
ejneme-remain-1,ejneme-remain,neme-leave,1,leave
senejka-stay-0,senejka-stay,dt2,0,detrz
senejka-stay-1,senejka-stay,enejka-watch,1,watch
apataka-come-out-0,apataka-come-out,dt4,0,detrz
apataka-come-out-2,apataka-come-out,kavbz,2,"vbz,tr"
sereka-become-tired-0,sereka-become-tired,dt2,0,detrz
sereka-become-tired-1,sereka-become-tired,ereka-tire,1,tire
esene-see-self-0,esene-see-self,dt5,0,detrz
esene-see-self-1,esene-see-self,ene-see,1,see
sene-see-self-0,sene-see-self,dt2,0,detrz
sene-see-self-1,sene-see-self,ene-see,1,see
atapej-seize-on-0,atapej-seize-on,dt3,0,detrz
atapej-seize-on-1,atapej-seize-on,apej-grab,1,grab
ejpenaka-return-0,ejpenaka-return,dt1,0,detrz
ejpenaka-return-1,ejpenaka-return,penaka-return,1,return
kojpaye-at-night-0,kojpaye-at-night,kojpa-night,0,night
kojpaye-at-night-1,kojpaye-at-night,yeadvz,1,advz
kamprake-big-0,kamprake-big,kampra-big,0,big
kamprake-big-1,kamprake-big,keprop,1,prop
tejpore-tasty-0,tejpore-tasty,tejpo-taste,0,taste
tejpore-tasty-1,tejpore-tasty,readvz,1,advz
tapire-red-0,tapire-red,tapi-redness,0,redness
tapire-red-1,tapire-red,readvz,1,advz
pechine-odorous-0,pechine-odorous,pochi-smell,0,smell
pechine-odorous-1,pechine-odorous,neadvz,1,advz
pochine-odorous-0,pochine-odorous,pochi-smell,0,smell
pochine-odorous-1,pochine-odorous,neadvz,1,advz
makepijke-second-mother-0,makepijke-second-mother,make-mom,0,mom
makepijke-second-mother-1,makepijke-second-mother,pijkedim,1,dim
meteye-thin-0,meteye-thin,mete-here,0,here
meteye-thin-1,meteye-thin,yeadvz,1,advz
tepeti-go-plur-0,tepeti-go-plur,te-go,0,go
tepeti-go-plur-1,tepeti-go-plur,plur1,1,plur
sejpeti-dream-0,sejpeti-dream,sej-dream,0,dream
sejpeti-dream-1,sejpeti-dream,plur1,1,plur
sejpej-dream-0,sejpej-dream,sej-dream,0,dream
sejpej-dream-1,sejpej-dream,plur2,1,plur
mujnajte-bury-0,mujnajte-bury,mujna-grave,0,grave
mujnajte-bury-1,mujnajte-bury,jtevbz,1,"vbz,tr"
ajpachike-undergrowth-prop-0,ajpachike-undergrowth-prop,ajpachi-undergrowth,0,undergrowth
ajpachike-undergrowth-prop-1,ajpachike-undergrowth-prop,keprop,1,prop
asereke-dry-cough-prop-0,asereke-dry-cough-prop,asere-dry-cough,0,dry-cough
asereke-dry-cough-prop-1,asereke-dry-cough-prop,keprop,1,prop
enirono-now-nmlz-0,enirono-now-nmlz,eniro-now,0,now
enirono-now-nmlz-1,enirono-now-nmlz,nonmlz,1,nmlz
ijmokani-cook-agtnmlz-0,ijmokani-cook-agtnmlz,ijmoka-cook,0,cook
ijmokani-cook-agtnmlz-1,ijmokani-cook-agtnmlz,ninmlz,1,agtnmlz
kaimoke-game-prop-0,kaimoke-game-prop,kaimo-game,0,game
kaimoke-game-prop-1,kaimoke-game-prop,keprop,1,prop
kamparake-big-prop-0,kamparake-big-prop,kampara-big,0,big
kamparake-big-prop-1,kamparake-big-prop,keprop,1,prop
kereke-old-prop-0,kereke-old-prop,kere-old,0,old
kereke-old-prop-1,kereke-old-prop,keprop,1,prop
nonoke-earth-prop-0,nonoke-earth-prop,nono-earth,0,earth
nonoke-earth-prop-1,nonoke-earth-prop,keprop,1,prop
nopano-good-nmlz-0,nopano-good-nmlz,nop-good,0,good
nopano-good-nmlz-1,nopano-good-nmlz,anonmlz,1,nmlz
panake-ear-prop-0,panake-ear-prop,pana-ear,0,ear
panake-ear-prop-1,panake-ear-prop,keprop,1,prop
pejmani-bewitch-agtnmlz-0,pejmani-bewitch-agtnmlz,pej-witch,0,witch
pejmani-bewitch-agtnmlz-1,pejmani-bewitch-agtnmlz,macaus,1,caus
pejmani-bewitch-agtnmlz-2,pejmani-bewitch-agtnmlz,ninmlz,2,agtnmlz
teijpono-far-nmlz-0,teijpono-far-nmlz,teijpo-far-1,0,far
teijpono-far-nmlz-1,teijpono-far-nmlz,nonmlz,1,nmlz
tejporemi-tasty-nmlz-0,tejporemi-tasty-nmlz,tejpo-taste,0,taste
tejporemi-tasty-nmlz-1,tejporemi-tasty-nmlz,readvz,1,advz
tejporemi-tasty-nmlz-2,tejporemi-tasty-nmlz,minmlz,2,nmlz
sereke-bitter-manioc-prop-0,sereke-bitter-manioc-prop,sere-bitter-manioc,0,bitter-manioc
sereke-bitter-manioc-prop-1,sereke-bitter-manioc-prop,keprop,1,prop
yemepeti-eat-fruits-eggs-soup-plur-0,yemepeti-eat-fruits-eggs-soup-plur,yeme-eat-fruits-eggs-soup,0,eat-fruits-eggs-soup
yemepeti-eat-fruits-eggs-soup-plur-1,yemepeti-eat-fruits-eggs-soup-plur,plur1,1,plur
enireno-now-nmlz-0,enireno-now-nmlz,enire-now,0,now
enireno-now-nmlz-1,enireno-now-nmlz,nonmlz,1,nmlz
yojteni-fish-with-hook-agtnmlz-0,yojteni-fish-with-hook-agtnmlz,yojte-fish-with-hook,0,fish-with-hook
yojteni-fish-with-hook-agtnmlz-1,yojteni-fish-with-hook-agtnmlz,ninmlz,1,agtnmlz
iyajteni-care-for-agtnmlz-0,iyajteni-care-for-agtnmlz,iyajte-care-for,0,care-for
iyajteni-care-for-agtnmlz-1,iyajteni-care-for-agtnmlz,ninmlz,1,agtnmlz
keyamani-raise-agtnmlz-0,keyamani-raise-agtnmlz,keya-think,0,think
keyamani-raise-agtnmlz-1,keyamani-raise-agtnmlz,macaus,1,caus
keyamani-raise-agtnmlz-2,keyamani-raise-agtnmlz,ninmlz,2,agtnmlz
yaweno-loc-nmlz-0,yaweno-loc-nmlz,yawe-loc,0,loc
yaweno-loc-nmlz-1,yaweno-loc-nmlz,nonmlz,1,nmlz
ijmojkatopo-cook-circ-nmlz-0,ijmojkatopo-cook-circ-nmlz,ijmojka-cook,0,cook
ijmojkatopo-cook-circ-nmlz-1,ijmojkatopo-cook-circ-nmlz,toponmlz,1,"circ,nmlz"
kani-take-out-agtnmlz-0,kani-take-out-agtnmlz,ka-take-out,0,take-out
kani-take-out-agtnmlz-1,kani-take-out-agtnmlz,ninmlz,1,agtnmlz
moronkapo-make-suffer-des-0,moronkapo-make-suffer-des,moron-pain,0,pain
moronkapo-make-suffer-des-1,moronkapo-make-suffer-des,kavbz,1,"vbz,tr"
moronkapo-make-suffer-des-2,moronkapo-make-suffer-des,podes,2,des
taropo-say-des-0,taropo-say-des,taro-say,0,say
taropo-say-des-1,taropo-say-des,podes,1,des
yepematopo-pay-circ-nmlz-0,yepematopo-pay-circ-nmlz,yepema-pay,0,pay
yepematopo-pay-circ-nmlz-1,yepematopo-pay-circ-nmlz,toponmlz,1,"circ,nmlz"
warotatopo-work-circ-nmlz-0,warotatopo-work-circ-nmlz,warota-work,0,work
warotatopo-work-circ-nmlz-1,warotatopo-work-circ-nmlz,toponmlz,1,"circ,nmlz"
serekapo-become-tired-des-0,serekapo-become-tired-des,dt2,0,detrz
serekapo-become-tired-des-1,serekapo-become-tired-des,ereka-tire,1,tire
serekapo-become-tired-des-2,serekapo-become-tired-des,podes,2,des
yarikatopo-laugh-circ-nmlz-0,yarikatopo-laugh-circ-nmlz,yarika-laugh,0,laugh
yarikatopo-laugh-circ-nmlz-1,yarikatopo-laugh-circ-nmlz,toponmlz,1,"circ,nmlz"
itapo-hear-des-0,itapo-hear-des,ita-hear,0,hear
itapo-hear-des-1,itapo-hear-des,podes,1,des
yaruwatopo-laugh-circ-nmlz-0,yaruwatopo-laugh-circ-nmlz,yaruwa-laugh,0,laugh
yaruwatopo-laugh-circ-nmlz-1,yaruwatopo-laugh-circ-nmlz,toponmlz,1,"circ,nmlz"
yakaramapeti-tell-plur-0,yakaramapeti-tell-plur,yakara-believe,0,believe
yakaramapeti-tell-plur-1,yakaramapeti-tell-plur,macaus,1,caus
yakaramapeti-tell-plur-2,yakaramapeti-tell-plur,plur1,2,plur
yeneni-eat-meat-agtnmlz-0,yeneni-eat-meat-agtnmlz,yene-eat-meat,0,eat-meat
yeneni-eat-meat-agtnmlz-1,yeneni-eat-meat-agtnmlz,ninmlz,1,agtnmlz
mukupijke-child-dim-0,mukupijke-child-dim,muku-child,0,child
mukupijke-child-dim-1,mukupijke-child-dim,pijkedim,1,dim
tepej-go-plur-0,tepej-go-plur,te-go,0,go
tepej-go-plur-1,tepej-go-plur,plur2,1,plur
yenepej-eat-meat-plur-0,yenepej-eat-meat-plur,yene-eat-meat,0,eat-meat
yenepej-eat-meat-plur-1,yenepej-eat-meat-plur,plur2,1,plur
tampapeti-become-angry-plur-0,tampapeti-become-angry-plur,tampa-become-angry,0,become-angry
tampapeti-become-angry-plur-1,tampapeti-become-angry-plur,plur1,1,plur
samopeti-cry-plur-0,samopeti-cry-plur,samo-cry,0,cry
samopeti-cry-plur-1,samopeti-cry-plur,plur1,1,plur
semapej-die-plur-0,semapej-die-plur,sema-die,0,die
semapej-die-plur-1,semapej-die-plur,plur2,1,plur
enteno-here-loc-nmlz-0,enteno-here-loc-nmlz,ente-here-loc,0,"here,loc"
enteno-here-loc-nmlz-1,enteno-here-loc-nmlz,nonmlz,1,nmlz
yempekapeti-offend-plur-0,yempekapeti-offend-plur,yempeka-offend,0,offend
yempekapeti-offend-plur-1,yempekapeti-offend-plur,plur1,1,plur
ijmojkani-cook-agtnmlz-0,ijmojkani-cook-agtnmlz,ijmojka-cook,0,cook
ijmojkani-cook-agtnmlz-1,ijmojkani-cook-agtnmlz,ninmlz,1,agtnmlz
itopo-put-circ-nmlz-0,itopo-put-circ-nmlz,i-put,0,put
itopo-put-circ-nmlz-1,itopo-put-circ-nmlz,toponmlz,1,"circ,nmlz"
apono-later-nmlz-0,apono-later-nmlz,apo-later,0,later
apono-later-nmlz-1,apono-later-nmlz,nonmlz,1,nmlz
moronemi-hurting-nmlz-0,moronemi-hurting-nmlz,morone-hurting,0,hurting
moronemi-hurting-nmlz-1,moronemi-hurting-nmlz,minmlz,1,nmlz
enirem-now-nmlz-0,enirem-now-nmlz,enire-now,0,now
enirem-now-nmlz-1,enirem-now-nmlz,mnmlz,1,nmlz
yareni-bring-agtnmlz-0,yareni-bring-agtnmlz,yare-bring,0,bring
yareni-bring-agtnmlz-1,yareni-bring-agtnmlz,ninmlz,1,agtnmlz
tojpapeti-hit-plur-0,tojpapeti-hit-plur,tojpa-hit,0,hit
tojpapeti-hit-plur-1,tojpapeti-hit-plur,plur1,1,plur
yaketeni-cut-agtnmlz-0,yaketeni-cut-agtnmlz,yakete-cut,0,cut
yaketeni-cut-agtnmlz-1,yaketeni-cut-agtnmlz,ninmlz,1,agtnmlz
enijpeteno-one-nmlz-0,enijpeteno-one-nmlz,enijpete-one,0,one
enijpeteno-one-nmlz-1,enijpeteno-one-nmlz,nonmlz,1,nmlz
epepej-escape-plur-0,epepej-escape-plur,epe-escape,0,escape
epepej-escape-plur-1,epepej-escape-plur,plur2,1,plur
wepej-kill-plur-0,wepej-kill-plur,we-kill,0,kill
wepej-kill-plur-1,wepej-kill-plur,plur2,1,plur
rokotapeti-become-crazy-plur-0,rokotapeti-become-crazy-plur,roko-crazy,0,crazy
rokotapeti-become-crazy-plur-1,rokotapeti-become-crazy-plur,tavbz,1,"vbz,intr"
rokotapeti-become-crazy-plur-2,rokotapeti-become-crazy-plur,plur1,2,plur
pojtepo-want-des-0,pojtepo-want-des,pojte-want,0,want
pojtepo-want-des-1,pojtepo-want-des,podes,1,des
senkapeti-finish-plur-0,senkapeti-finish-plur,dt2,0,detrz
senkapeti-finish-plur-2,senkapeti-finish-plur,plur1,2,plur
senkapej-finish-plur-0,senkapej-finish-plur,dt2,0,detrz
senkapej-finish-plur-2,senkapej-finish-plur,plur2,2,plur
minteno-there-loc-nmlz-0,minteno-there-loc-nmlz,minte-there-loc,0,"there,loc"
minteno-there-loc-nmlz-1,minteno-there-loc-nmlz,nonmlz,1,nmlz
tuni-give-agtnmlz-0,tuni-give-agtnmlz,tu-give,0,give
tuni-give-agtnmlz-1,tuni-give-agtnmlz,ninmlz,1,agtnmlz
wejkapeti-fall-plur-0,wejkapeti-fall-plur,wejka-fall,0,fall
wejkapeti-fall-plur-1,wejkapeti-fall-plur,plur1,1,plur
karasakemi-white-nmlz-0,karasakemi-white-nmlz,karasake-white,0,white
karasakemi-white-nmlz-1,karasakemi-white-nmlz,minmlz,1,nmlz
asakeno-two-nmlz-0,asakeno-two-nmlz,asake-two,0,two
asakeno-two-nmlz-1,asakeno-two-nmlz,nonmlz,1,nmlz
yawakani-sow-agtnmlz-0,yawakani-sow-agtnmlz,yawaka-sow,0,sow
yawakani-sow-agtnmlz-1,yawakani-sow-agtnmlz,ninmlz,1,agtnmlz
ipo-put-des-0,ipo-put-des,i-put,0,put
ipo-put-des-1,ipo-put-des,podes,1,des
sematopo-die-circ-nmlz-0,sematopo-die-circ-nmlz,sema-die,0,die
sematopo-die-circ-nmlz-1,sematopo-die-circ-nmlz,toponmlz,1,"circ,nmlz"
sukasemi-all-nmlz-0,sukasemi-all-nmlz,sukase-all,0,all-1
sukasemi-all-nmlz-1,sukasemi-all-nmlz,minmlz,1,nmlz
wejtetoj-go-down-circ-nmlz-0,wejtetoj-go-down-circ-nmlz,wejte-go-down,0,go-down
wejtetoj-go-down-circ-nmlz-1,wejtetoj-go-down-circ-nmlz,tojnmlz,1,"circ,nmlz"
senkatoj-finish-circ-nmlz-0,senkatoj-finish-circ-nmlz,dt2,0,detrz
senkatoj-finish-circ-nmlz-2,senkatoj-finish-circ-nmlz,tojnmlz,2,"circ,nmlz"
nemepeti-leave-plur-0,nemepeti-leave-plur,neme-leave,0,leave
nemepeti-leave-plur-1,nemepeti-leave-plur,plur1,1,plur
yujwapeti-burn-plur-0,yujwapeti-burn-plur,yujwa-burn,0,burn
yujwapeti-burn-plur-1,yujwapeti-burn-plur,plur1,1,plur
keyatapej-grow-plur-0,keyatapej-grow-plur,keya-think,0,think
keyatapej-grow-plur-1,keyatapej-grow-plur,tavbz,1,"vbz,intr"
keyatapej-grow-plur-2,keyatapej-grow-plur,plur2,2,plur
papapijke-father-dim-0,papapijke-father-dim,papa-father,0,father
papapijke-father-dim-1,papapijke-father-dim,pijkedim,1,dim
yawankatoj-kill-circ-nmlz-0,yawankatoj-kill-circ-nmlz,yawanka-kill,0,kill
yawankatoj-kill-circ-nmlz-1,yawankatoj-kill-circ-nmlz,tojnmlz,1,"circ,nmlz"
poyeno-above-nmlz-0,poyeno-above-nmlz,poye-above,0,above
poyeno-above-nmlz-1,poyeno-above-nmlz,nonmlz,1,nmlz
yenepepej-send-away-plur-0,yenepepej-send-away-plur,yenepe-send-away,0,send-away
yenepepej-send-away-plur-1,yenepepej-send-away-plur,plur2,1,plur
yawankapej-kill-plur-0,yawankapej-kill-plur,yawanka-kill,0,kill
yawankapej-kill-plur-1,yawankapej-kill-plur,plur2,1,plur
yaketepej-cut-plur-0,yaketepej-cut-plur,yakete-cut,0,cut
yaketepej-cut-plur-1,yaketepej-cut-plur,plur2,1,plur
yemepo-eat-fruits-eggs-soup-des-0,yemepo-eat-fruits-eggs-soup-des,yeme-eat-fruits-eggs-soup,0,eat-fruits-eggs-soup
yemepo-eat-fruits-eggs-soup-des-1,yemepo-eat-fruits-eggs-soup-des,podes,1,des
pitipej-paint-plur-0,pitipej-paint-plur,piti-paint,0,paint
pitipej-paint-plur-1,pitipej-paint-plur,plur2,1,plur
wetopo-kill-circ-nmlz-0,wetopo-kill-circ-nmlz,we-kill,0,kill
wetopo-kill-circ-nmlz-1,wetopo-kill-circ-nmlz,toponmlz,1,"circ,nmlz"
tapiremi-red-nmlz-0,tapiremi-red-nmlz,tapi-redness,0,redness
tapiremi-red-nmlz-1,tapiremi-red-nmlz,readvz,1,advz
tapiremi-red-nmlz-2,tapiremi-red-nmlz,minmlz,2,nmlz
waraijtoke-husband-prop-0,waraijtoke-husband-prop,waraijto-husband,0,husband
waraijtoke-husband-prop-1,waraijtoke-husband-prop,keprop,1,prop
patakapeti-take-out-plur-1,patakapeti-take-out-plur,kavbz,1,"vbz,tr"
patakapeti-take-out-plur-2,patakapeti-take-out-plur,plur1,2,plur
semapo-die-des-0,semapo-die-des,sema-die,0,die
semapo-die-des-1,semapo-die-des,podes,1,des
poreke-leg-prop-0,poreke-leg-prop,pore-leg,0,leg
poreke-leg-prop-1,poreke-leg-prop,keprop,1,prop
mukuke-child-prop-0,mukuke-child-prop,muku-child,0,child
mukuke-child-prop-1,mukuke-child-prop,keprop,1,prop
karasakem-white-nmlz-0,karasakem-white-nmlz,karasake-white,0,white
karasakem-white-nmlz-1,karasakem-white-nmlz,mnmlz,1,nmlz
yenepo-eat-meat-des-0,yenepo-eat-meat-des,yene-eat-meat,0,eat-meat
yenepo-eat-meat-des-1,yenepo-eat-meat-des,podes,1,des
weretapej-arrive-plur-0,weretapej-arrive-plur,wereta-arrive,0,arrive
weretapej-arrive-plur-1,weretapej-arrive-plur,plur2,1,plur
atike-plot-of-cultivated-land-prop-0,atike-plot-of-cultivated-land-prop,ati-plot-of-cultivated-land,0,plot-of-cultivated-land
atike-plot-of-cultivated-land-prop-1,atike-plot-of-cultivated-land-prop,keprop,1,prop
ejpenakapeti-return-plur-0,ejpenakapeti-return-plur,dt1,0,detrz
ejpenakapeti-return-plur-1,ejpenakapeti-return-plur,penaka-return,1,return
ejpenakapeti-return-plur-2,ejpenakapeti-return-plur,plur1,2,plur
kamwiyajkapo-change-des-0,kamwiyajkapo-change-des,kamwiyajka-change,0,change
kamwiyajkapo-change-des-1,kamwiyajkapo-change-des,podes,1,des
yenekapo-take-away-des-0,yenekapo-take-away-des,yeneka-take-away,0,take-away
yenekapo-take-away-des-1,yenekapo-take-away-des,podes,1,des
yanepijke-mother-dim-0,yanepijke-mother-dim,yane-mother,0,mother
yanepijke-mother-dim-1,yanepijke-mother-dim,pijkedim,1,dim
tupo-give-des-0,tupo-give-des,tu-give,0,give
tupo-give-des-1,tupo-give-des,podes,1,des
teijpono-far-nmlz-1-0,teijpono-far-nmlz-1,teijpo-far,0,far
teijpono-far-nmlz-1-1,teijpono-far-nmlz-1,nonmlz,1,nmlz
tojpapej-hit-plur-0,tojpapej-hit-plur,tojpa-hit,0,hit
tojpapej-hit-plur-1,tojpapej-hit-plur,plur2,1,plur
pojteni-want-agtnmlz-0,pojteni-want-agtnmlz,pojte-want,0,want
pojteni-want-agtnmlz-1,pojteni-want-agtnmlz,ninmlz,1,agtnmlz
warotapo-work-des-0,warotapo-work-des,warota-work,0,work
warotapo-work-des-1,warotapo-work-des,podes,1,des
yawankani-kill-agtnmlz-0,yawankani-kill-agtnmlz,yawanka-kill,0,kill
yawankani-kill-agtnmlz-1,yawankani-kill-agtnmlz,ninmlz,1,agtnmlz
wejkatopo-fall-circ-nmlz-0,wejkatopo-fall-circ-nmlz,wejka-fall,0,fall
wejkatopo-fall-circ-nmlz-1,wejkatopo-fall-circ-nmlz,toponmlz,1,"circ,nmlz"
ipej-put-plur-0,ipej-put-plur,i-put,0,put
ipej-put-plur-1,ipej-put-plur,plur2,1,plur
itapej-hear-plur-0,itapej-hear-plur,ita-hear,0,hear
itapej-hear-plur-1,itapej-hear-plur,plur2,1,plur
yarepej-bring-plur-0,yarepej-bring-plur,yare-bring,0,bring
yarepej-bring-plur-1,yarepej-bring-plur,plur2,1,plur
tetopo-go-circ-nmlz-0,tetopo-go-circ-nmlz,te-go,0,go
tetopo-go-circ-nmlz-1,tetopo-go-circ-nmlz,toponmlz,1,"circ,nmlz"
kaimotatopo-hunt-circ-nmlz-0,kaimotatopo-hunt-circ-nmlz,kaimo-game,0,game
kaimotatopo-hunt-circ-nmlz-1,kaimotatopo-hunt-circ-nmlz,tavbz,1,"vbz,intr"
kaimotatopo-hunt-circ-nmlz-2,kaimotatopo-hunt-circ-nmlz,toponmlz,2,"circ,nmlz"
itani-hear-agtnmlz-0,itani-hear-agtnmlz,ita-hear,0,hear
itani-hear-agtnmlz-1,itani-hear-agtnmlz,ninmlz,1,agtnmlz
yojmatopo-mix-circ-nmlz-0,yojmatopo-mix-circ-nmlz,yojma-mix,0,mix
yojmatopo-mix-circ-nmlz-1,yojmatopo-mix-circ-nmlz,toponmlz,1,"circ,nmlz"
kerepijke-old-dim-0,kerepijke-old-dim,kere-old,0,old
kerepijke-old-dim-1,kerepijke-old-dim,pijkedim,1,dim
yateno-loc-nmlz-0,yateno-loc-nmlz,yate-loc,0,loc
yateno-loc-nmlz-1,yateno-loc-nmlz,nonmlz,1,nmlz
yemetopo-eat-fruits-eggs-soup-circ-nmlz-0,yemetopo-eat-fruits-eggs-soup-circ-nmlz,yeme-eat-fruits-eggs-soup,0,eat-fruits-eggs-soup
yemetopo-eat-fruits-eggs-soup-circ-nmlz-1,yemetopo-eat-fruits-eggs-soup-circ-nmlz,toponmlz,1,"circ,nmlz"
yempekapo-offend-des-0,yempekapo-offend-des,yempeka-offend,0,offend
yempekapo-offend-des-1,yempekapo-offend-des,podes,1,des
wintikapej-disappear-plur-0,wintikapej-disappear-plur,wintika-disappear,0,disappear
wintikapej-disappear-plur-1,wintikapej-disappear-plur,plur2,1,plur
waimupo-speak-des-0,waimupo-speak-des,waimu-speak,0,speak
waimupo-speak-des-1,waimupo-speak-des,podes,1,des
